{"cameraMode":{"drawMode":0,"name":"Shaded","section":"Shading Mode"},"sceneLighting":false,"audioPlay":false,"sceneViewState":{"showFog":true,"showMaterialUpdate":false,"showSkybox":false,"showFlares":true,"showImageEffects":true,"showParticleSystems":true,"showVisualEffectGraphs":true,"m_FxEnabled":true},"in2DMode":false,"pivot":{"x":2.755000114440918,"y":3.3180999755859377,"z":3.211304187774658},"rotation":{"x":-0.001087592332623899,"y":0.9942469000816345,"z":-0.10660091042518616,"w":-0.01014036126434803},"size":1.0428719520568848,"orthographic":false}