{"cameraMode":{"drawMode":0,"name":"Shaded","section":"Shading Mode"},"sceneLighting":true,"audioPlay":false,"sceneViewState":{"m_AlwaysRefresh":false,"showFog":true,"showSkybox":true,"showFlares":true,"showImageEffects":true,"showParticleSystems":true,"showVisualEffectGraphs":true,"m_FxEnabled":false},"in2DMode":false,"pivot":{"x":-5.122012615203857,"y":0.8717676997184753,"z":-2.371896743774414},"rotation":{"x":0.06405425071716309,"y":0.9246857166290283,"z":-0.32950377464294436,"w":0.17973992228507996},"size":1.4359562397003174,"orthographic":false}