{"cameraMode":{"drawMode":0,"name":"Shaded","section":"Shading Mode"},"sceneLighting":false,"audioPlay":false,"sceneViewState":{"m_AlwaysRefresh":false,"showFog":true,"showSkybox":false,"showFlares":true,"showImageEffects":true,"showParticleSystems":true,"showVisualEffectGraphs":true,"m_FxEnabled":false},"in2DMode":false,"pivot":{"x":-6.104978561401367,"y":4.228469371795654,"z":2.6513168811798097},"rotation":{"x":0.025308094918727876,"y":-0.9680845141410828,"z":0.11123169958591461,"w":0.22378000617027284},"size":0.8660253882408142,"orthographic":false}